url,title,scheme,plan,doc_type,priority
https://www.hdfcfund.com/explore/mutual-funds/hdfc-flexi-cap-fund/direct,HDFC Flexi Cap Fund Direct,HDFC Flexi Cap Fund,Direct,scheme-page,high
https://www.hdfcfund.com/explore/mutual-funds/hdfc-large-cap-fund/direct,HDFC Large Cap Fund Direct,HDFC Large Cap Fund,Direct,scheme-page,high
https://www.hdfcfund.com/explore/mutual-funds/hdfc-elss-tax-saver-fund/direct,HDFC ELSS Tax Saver Fund Direct,HDFC ELSS Tax Saver Fund,Direct,scheme-page,high
https://www.hdfcfund.com/explore/mutual-funds/hdfc-mid-cap-fund/direct,HDFC Mid Cap Fund Direct,HDFC Mid Cap Fund,Direct,scheme-page,high
https://www.hdfcfund.com/explore/mutual-funds/hdfc-balanced-advantage-fund/direct,HDFC Balanced Advantage Fund Direct,HDFC Balanced Advantage Fund,Direct,scheme-page,high
https://files.hdfcfund.com/s3fs-public/KIM/2025-11/KIM%20-%20HDFC%20Flexi%20Cap%20Fund%20dated%20November%2021%2C%202025_1.pdf,HDFC Flexi Cap Fund KIM,HDFC Flexi Cap Fund,,kim,high
https://files.hdfcfund.com/s3fs-public/KIM/2025-11/KIM%20-%20HDFC%20Large%20Cap%20Fund%20dated%20November%2021%2C%202025_0.pdf,HDFC Large Cap Fund KIM,HDFC Large Cap Fund,,kim,high
https://files.hdfcfund.com/s3fs-public/KIM/2025-11/KIM%20-%20HDFC%20ELSS%20Tax%20Saver%20dated%20November%2021%2C%202025_0.pdf,HDFC ELSS Tax Saver Fund KIM,HDFC ELSS Tax Saver Fund,,kim,high
https://files.hdfcfund.com/s3fs-public/KIM/2025-11/KIM%20-%20HDFC%20Mid%20Cap%20Fund%20dated%20November%2021%2C%202025_1.pdf?VersionId=lvZLv6TD_uI7sOzea0XCJmAfPcbIHPlw,HDFC Mid Cap Fund KIM,HDFC Mid Cap Fund,,kim,high
https://files.hdfcfund.com/s3fs-public/KIM/2025-11/KIM%20-%20HDFC%20Balanced%20Advantage%20Fund%20dated%20November%2021%2C%202025_0.pdf,HDFC Balanced Advantage Fund KIM,HDFC Balanced Advantage Fund,,kim,high
https://files.hdfcfund.com/s3fs-public/Others/2025-10/Fund%20Facts%20-%20HDFC%20Flexi%20Cap%20Fund_October%2025.pdf,HDFC Flexi Cap Fund Fund Facts,HDFC Flexi Cap Fund,,factsheet,high
https://files.hdfcfund.com/s3fs-public/Others/2025-12/Fund%20Facts%20-%20HDFC%20Large%20Cap%20Fund_December%2025.pdf,HDFC Large Cap Fund Fund Facts,HDFC Large Cap Fund,,factsheet,high
https://files.hdfcfund.com/s3fs-public/Others/2026-07/Fund%20Facts%20-%20HDFC%20TaxSaver%20Fund_July%2026.pdf,HDFC ELSS Tax Saver Fund Fund Facts,HDFC ELSS Tax Saver Fund,,factsheet,high
https://files.hdfcfund.com/s3fs-public/Others/2026-02/Fund%20Facts%20-%20HDFC%20Mid-Cap%20Fund_January%2026.pdf?VersionId=uuqfpDzd0u92bnc6zm_AYCj_8B4cFU_r,HDFC Mid Cap Fund Fund Facts,HDFC Mid Cap Fund,,factsheet,high
https://files.hdfcfund.com/s3fs-public/Others/2025-12/Fund%20Facts%20-%20HDFC%20Balanced%20Advantage%20Fund_December%2025.pdf,HDFC Balanced Advantage Fund Fund Facts,HDFC Balanced Advantage Fund,,factsheet,high
https://www.hdfcfund.com/explore/mutual-funds/equity,HDFC Equity funds,,,listing,low
https://www.hdfcfund.com/explore/mutual-funds/hybrid,HDFC Hybrid funds,,,listing,low
https://www.hdfcfund.com/explore/mutual-funds/tax-savings,HDFC Tax savings funds,,,listing,low
https://www.hdfcfund.com/explore/mutual-funds/index,HDFC Index funds,,,listing,low
https://www.hdfcfund.com/mutual-funds/factsheets,HDFC Mutual Fund factsheets,,,factsheet,high
https://www.hdfcfund.com/services/consolidated-account-statement,Consolidated account statement,,,how-to,high
https://www.hdfcfund.com/learn/blog/how-get-capital-gain-statement-mutual-fund-schemes-india,How to get capital gain statement,,,how-to,high
https://www.hdfcfund.com/explore/mutual-funds/income-solutions,HDFC Income solutions,,,listing,low
https://www.hdfcfund.com/explore/mutual-funds/solution-oriented,HDFC Solution-oriented funds,,,listing,low
https://www.amfiindia.com/investor-corner,AMFI investor corner,,,faq,high
